{
  "posts": [
    {
      "slug": "apoyar-a-un-familiar",
      "title": "¿Cómo apoyar a un familiar en recuperación?",
      "date": "2025-08-12",
      "excerpt": "Guía práctica para acompañar el proceso terapéutico sin invadir, con límites claros y cuidado personal.",
      "body": "## Acompañar con empatía\nEscuchar sin juzgar, validar emociones y evitar discursos culpabilizantes.\n\n## Límites saludables\nAcordar reglas claras sobre consumo, finanzas y convivencia; sostenerlas con respeto.\n\n## Comunicación\nElegir momentos tranquilos, usar mensajes en primera persona y preguntar qué necesita.\n\n## Autocuidado familiar\nBuscar apoyo psicológico, grupos para familiares y espacios de descanso.",
      "cover": ""
    },
    {
      "slug": "temazcal-y-desintoxicacion",
      "title": "Temazcal y desintoxicación: lo que sí y lo que no",
      "date": "2025-08-12",
      "excerpt": "Beneficios y contraindicaciones; por qué debe ser supervisado por personal capacitado.",
      "body": "### Beneficios potenciales\nRelajación, apoyo al bienestar corporal y mental cuando forma parte de un plan integral.\n\n### Riesgos y contraindicaciones\nHipertensión no controlada, embarazo, problemas cardiacos: siempre consultar con un médico.\n\n### Supervisión profesional\nTemperatura, hidratación y tiempos adecuados; nunca sustituye el tratamiento clínico.",
      "cover": ""
    },
    {
      "slug": "terapia-dominical-familia",
      "title": "Familia: terapia dominical y su impacto",
      "date": "2025-08-12",
      "excerpt": "Por qué las sesiones familiares fortalecen la reinserción social y previenen recaídas.",
      "body": "La terapia familiar dominical crea un espacio de encuentro, escucha y corresponsabilidad.\nSe trabajan límites, acuerdos y herramientas de comunicación efectiva que sostienen el proceso de reinserción.",
      "cover": ""
    }
  ]
}