{
  "albums": [
    {
      "slug": "varonil-actividades",
      "title": "Actividades Clínica Varonil",
      "date": "2025-08-12",
      "cover": "/assets/clinica-varonil/varonil-actividades-1.jpg",
      "images": [
        "/assets/clinica-varonil/varonil-actividades-1.jpg",
        "/assets/clinica-varonil/varonil-juegos-1.jpg",
        "/assets/clinica-varonil/varonil-salon-1.jpg",
        "/assets/clinica-varonil/varonil-temazcal-1.jpg"
      ]
    },
    {
      "slug": "femenil-espacios",
      "title": "Espacios Clínica Femenil",
      "date": "2025-08-12",
      "cover": "/assets/clinica-femenil/femenil-consultorio-1.jpg",
      "images": [
        "/assets/clinica-femenil/femenil-consultorio-1.jpg",
        "/assets/clinica-femenil/femenil-dormitorio-1.jpg",
        "/assets/clinica-femenil/femenil-cocina-1.jpg",
        "/assets/clinica-femenil/femenil-areas-verdes-1.jpg"
      ]
    }
  ]
}